{"1.0": {"precision": 0.9672619047619048, "recall": 0.975975975975976, "f1-score": 0.9715994020926756, "support": 333.0}, "2.0": {"precision": 0.8813559322033898, "recall": 0.8125, "f1-score": 0.8455284552845529, "support": 64.0}, "3.0": {"precision": 0.8709677419354839, "recall": 0.9310344827586207, "f1-score": 0.9, "support": 29.0}, "accuracy": 0.9483568075117371, "macro avg": {"precision": 0.9065285263002595, "recall": 0.9065034862448655, "f1-score": 0.9057092857924095, "support": 426.0}, "weighted avg": {"precision": 0.9478006067203293, "recall": 0.9483568075117371, "f1-score": 0.9477850282513436, "support": 426.0}}